[{
    "user_id": "2",
    "credentials": "0",
    "password": "b690bc2447d40ea8a6f78345eb979a28",
    "username": "jorass",
    "first_name": "Jory",
    "last_name": "Assies",
    "email": "jory.assies@it.uu.se",
    "phone": "0704811411"
}, {
    "user_id": "28",
    "credentials": "3",
    "password": "b612f428e4a53386fdb98f6c2164c16c",
    "username": "sulstr",
    "first_name": "Sulayman",
    "last_name": "Street",
    "email": "sulayman.street@it.uu.se",
    "phone": "0701517627"
}, {
    "user_id": "27",
    "credentials": "3",
    "password": "c0d9251f9af5e7410c6a3932f696c449",
    "username": "orapan",
    "first_name": "Orabela",
    "last_name": "Panders",
    "email": "orabela.panders@it.uu.se",
    "phone": "0701503294"
}, {
    "user_id": "26",
    "credentials": "3",
    "password": "4ec434994decffa3005b477cc7f992e6",
    "username": "kenolg",
    "first_name": "Kenan",
    "last_name": "Olguin",
    "email": "kenan.olguin@it.uu.se",
    "phone": "0706569560"
}, {
    "user_id": "25",
    "credentials": "0",
    "password": "971299fa95fe467db26e8bf01864d48d",
    "username": "saskru",
    "first_name": "Sa\u0161a",
    "last_name": "Kr\u00fcger",
    "email": "sasa.kruger@it.uu.se",
    "phone": "0705349276"
}, {
    "user_id": "24",
    "credentials": "0",
    "password": "2a3db2cc165057da53ef13a348e9787f",
    "username": "ervtod",
    "first_name": "Ervin",
    "last_name": "Todd",
    "email": "ervin.todd@it.uu.se",
    "phone": "0702339018"
}, {
    "user_id": "23",
    "credentials": "3",
    "password": "743444f0ff666f1f90580e7bc3af5099",
    "username": "aqulyn",
    "first_name": "Aquilina",
    "last_name": "Lyndon",
    "email": "aquilina.lyndon@it.uu.se",
    "phone": "0702611287"
}, {
    "user_id": "22",
    "credentials": "3",
    "password": "fc4fd22287923f3b47b91fc5f0a85af5",
    "username": "lasnic",
    "first_name": "Lasse",
    "last_name": "Nicholson",
    "email": "lasse.nicholson@it.uu.se",
    "phone": "0703238992"
}, {
    "user_id": "21",
    "credentials": "3",
    "password": "849d51ea793c93194952478aa85694af",
    "username": "maihon",
    "first_name": "Maiken",
    "last_name": "Honda",
    "email": "maiken.honda@it.uu.se",
    "phone": "0709533955"
}, {
    "user_id": "20",
    "credentials": "0",
    "password": "739d0d428ff99dc043e8955b5a4885bc",
    "username": "hirchr",
    "first_name": "Hiram",
    "last_name": "Christopherson",
    "email": "hiram.christopherson@it.uu.se",
    "phone": "0709599269"
}, {
    "user_id": "19",
    "credentials": "3",
    "password": "7e3f6af9d6c2385a79b49b03e87234e5",
    "username": "larsch",
    "first_name": "Lara",
    "last_name": "Schenck",
    "email": "lara.schenck@it.uu.se",
    "phone": "0702721289"
}, {
    "user_id": "18",
    "credentials": "3",
    "password": "1db930e727e73c027fc58b5554935be8",
    "username": "janhei",
    "first_name": "Jancsi",
    "last_name": "Heiman",
    "email": "jancsi.heiman@it.uu.se",
    "phone": "0707977965"
}, {
    "user_id": "17",
    "credentials": "0",
    "password": "f3e3fbabe1b745defda645e5d85a6ac7",
    "username": "svetor",
    "first_name": "Svetlana",
    "last_name": "Torres",
    "email": "svetlana.torres@it.uu.se",
    "phone": "0707459505"
}, {
    "user_id": "16",
    "credentials": "3",
    "password": "75f589d96b212b65298b31717a2641c9",
    "username": "pomgra",
    "first_name": "Pompeius",
    "last_name": "Graner",
    "email": "pompeius.graner@it.uu.se",
    "phone": "0701584121"
}, {
    "user_id": "29",
    "credentials": "3",
    "password": "9e44cc19b9f726583ccc93fa7908f7fd",
    "username": "valpag",
    "first_name": "Valeria",
    "last_name": "Pagani",
    "email": "valeria.pagani@it.uu.se",
    "phone": "0703156441"
}, {
    "user_id": "30",
    "credentials": "3",
    "password": "0f1903b5119eadb705ddba7f2750792f",
    "username": "domolh",
    "first_name": "Domen",
    "last_name": "Olhouser",
    "email": "domen.olhouser@it.uu.se",
    "phone": "0702459084"
}, {
    "user_id": "31",
    "credentials": "3",
    "password": "3fb65e8d64eb23e63c71a86ea97951e0",
    "username": "gollan",
    "first_name": "Golnar",
    "last_name": "Langley",
    "email": "golnar.langley@it.uu.se",
    "phone": "0702677189"
}, {
    "user_id": "32",
    "credentials": "3",
    "password": "3c244190040aedd134913562509a5ea0",
    "username": "hyrlap",
    "first_name": "Hyram",
    "last_name": "Lapointe",
    "email": "hyram.lapointe@it.uu.se",
    "phone": "0702177650"
}, {
    "user_id": "33",
    "credentials": "3",
    "password": "84db5f68a5f2ad3f25bb4445148f434c",
    "username": "katfab",
    "first_name": "Katrien",
    "last_name": "Fabre",
    "email": "katrien.fabre@it.uu.se",
    "phone": "0705701344"
}, {
    "user_id": "34",
    "credentials": "3",
    "password": "edc2623f10cd4d069e710653f3fc630c",
    "username": "sulpen",
    "first_name": "Sulis\u0142aw",
    "last_name": "Pender",
    "email": "sulis\u0142aw.pender@it.uu.se",
    "phone": "0709481365"
}, {
    "user_id": "35",
    "credentials": "3",
    "password": "9b0c08c58fdeb1b25525ac0cb8187eda",
    "username": "dansch",
    "first_name": "Danna",
    "last_name": "Schermer",
    "email": "danna.schermer@it.uu.se",
    "phone": "0709593528"
}, {
    "user_id": "36",
    "credentials": "3",
    "password": "1fcb15df01a8ca6a442058aca336b324",
    "username": "jovsit",
    "first_name": "Jove",
    "last_name": "Sitz",
    "email": "jove.sitz@it.uu.se",
    "phone": "0704408722"
}, {
    "user_id": "37",
    "credentials": "3",
    "password": "27e4426409fa9a5b2917721e3aa636f2",
    "username": "elepic",
    "first_name": "Elektra",
    "last_name": "Pickle",
    "email": "elektra.pickle@it.uu.se",
    "phone": "0708681770"
}, {
    "user_id": "38",
    "credentials": "3",
    "password": "c8a458e5af7d03a2477b9d886ac98a77",
    "username": "muhtof",
    "first_name": "Muhammed",
    "last_name": "Toft",
    "email": "muhammed.toft@it.uu.se",
    "phone": "0708579214"
}, {
    "user_id": "39",
    "credentials": "3",
    "password": "94996b177550f4db4fe24ea556cbe75c",
    "username": "zulgor",
    "first_name": "Zuleika",
    "last_name": "Gorecki",
    "email": "zuleika.gorecki@it.uu.se",
    "phone": "0705595808"
}, {
    "user_id": "40",
    "credentials": "3",
    "password": "304d1e4306a536c84be6a37fb1b9465e",
    "username": "fercrn",
    "first_name": "Ferdin\u00e1nd",
    "last_name": "Crncevic",
    "email": "ferdinand.crncevic@it.uu.se",
    "phone": "0706855231"
}, {
    "user_id": "41",
    "credentials": "3",
    "password": "08ca6afe619c702c9d41f9e14e3ac0a2",
    "username": "krysan",
    "first_name": "Krystyna",
    "last_name": "Santiago",
    "email": "krystyna.santiago@it.uu.se",
    "phone": "0702883447"
}, {
    "user_id": "42",
    "credentials": "3",
    "password": "49c0ac6a74af820de877ceb7e9a7161c",
    "username": "felbar",
    "first_name": "Felix",
    "last_name": "Barto\u0161",
    "email": "felix.bartos@it.uu.se",
    "phone": "0706883728"
}, {
    "user_id": "43",
    "credentials": "3",
    "password": "b2a0690e7d39f3bc66874c9ad173e0b6",
    "username": "aamsta",
    "first_name": "Aamu",
    "last_name": "Stankic",
    "email": "aamu.stankic@it.uu.se",
    "phone": "0706415355"
}, {
    "user_id": "44",
    "credentials": "3",
    "password": "16676db4c6703f129736d71ce6ee6fef",
    "username": "ceznew",
    "first_name": "Cezar",
    "last_name": "Newman",
    "email": "cezar.newman@it.uu.se",
    "phone": "0709803331"
}, {
    "user_id": "45",
    "credentials": "3",
    "password": "cf1472476c7334d03e3575319a05171b",
    "username": "anddar",
    "first_name": "Andrea",
    "last_name": "Darzi",
    "email": "andrea.darzi@it.uu.se",
    "phone": "0703160890"
}, {
    "user_id": "46",
    "credentials": "3",
    "password": "018463e83b1b7b0e4487bf59bc3bbbdf",
    "username": "jershi",
    "first_name": "Jerry",
    "last_name": "Shizuka",
    "email": "jerry.shizuka@it.uu.se",
    "phone": "0707330744"
}, {
    "user_id": "47",
    "credentials": "3",
    "password": "23408e7480c9946f0b892fd6eb9996fd",
    "username": "molbab",
    "first_name": "Molle",
    "last_name": "Babi\u0107",
    "email": "molle.babic@it.uu.se",
    "phone": "0705286920"
}, {
    "user_id": "48",
    "credentials": "3",
    "password": "58f2545fa1f5b2a3b34930d577b4a1f9",
    "username": "prabar",
    "first_name": "Prabhakar",
    "last_name": "Bartos",
    "email": "prabhakar.bartos@it.uu.se",
    "phone": "0707541871"
}, {
    "user_id": "49",
    "credentials": "3",
    "password": "40a02527dd429cca287df0db12369121",
    "username": "pauaaf",
    "first_name": "Paula",
    "last_name": "Aafjes",
    "email": "paula.aafjes@it.uu.se",
    "phone": "0707049184"
}, {
    "user_id": "50",
    "credentials": "3",
    "password": "3f75e394566d65454db1c2c27202fc87",
    "username": "jacabb",
    "first_name": "Jacob",
    "last_name": "Abbatelli",
    "email": "jacob.abbatelli@it.uu.se",
    "phone": "0703682524"
}, {
    "user_id": "51",
    "credentials": "3",
    "password": "c39b27bdc3ff3d42fc2779a6c4021719",
    "username": "ankov",
    "first_name": "\u00c2ngela",
    "last_name": "Kov\u00e1\u0159",
    "email": "angela.kovar@it.uu.se",
    "phone": "0704955626"
}, {
    "user_id": "52",
    "credentials": "3",
    "password": "d7ee44c338a75d434530cc1270402866",
    "username": "eusgor",
    "first_name": "Eustachius",
    "last_name": "Gorski",
    "email": "eustachius.gorski@it.uu.se",
    "phone": "0703593186"
}, {
    "user_id": "53",
    "credentials": "3",
    "password": "85fbeb059144561ee0d81dc9c56cee93",
    "username": "marpug",
    "first_name": "Mariana",
    "last_name": "Pugliese",
    "email": "mariana.pugliese@it.uu.se",
    "phone": "0702368378"
}, {
    "user_id": "54",
    "credentials": "3",
    "password": "64d321b8cdf1fd72f6ec24ede9fe6ba0",
    "username": "symzim",
    "first_name": "Symeonu",
    "last_name": "Zimmermann",
    "email": "symeonu.zimmermann@it.uu.se",
    "phone": "0702987211"
}, {
    "user_id": "55",
    "credentials": "3",
    "password": "ff16d73a2ac035286a195dad2160f97b",
    "username": "didwat",
    "first_name": "Dido",
    "last_name": "Waters",
    "email": "dido.waters@it.uu.se",
    "phone": "0707318901"
}, {
    "user_id": "56",
    "credentials": "3",
    "password": "acf2362736d77f22796322665cda3087",
    "username": "bratam",
    "first_name": "Branko",
    "last_name": "Tam\u00e1s",
    "email": "branko.tamas@it.uu.se",
    "phone": "0702314515"
}, {
    "user_id": "57",
    "credentials": "3",
    "password": "4c2baf7b0768cc8056697caaf849bb2f",
    "username": "kaywan",
    "first_name": "Kaye",
    "last_name": "Wang",
    "email": "kaye.wang@it.uu.se",
    "phone": "0702186364"
}, {
    "user_id": "58",
    "credentials": "3",
    "password": "6ed82b07f586ae44301ac29e68f36205",
    "username": "einyam",
    "first_name": "Einarr",
    "last_name": "Yamauchi",
    "email": "einarr.yamauchi@it.uu.se",
    "phone": "0705917290"
}, {
    "user_id": "59",
    "credentials": "3",
    "password": "d7c597334ed3e7a7c91a6b53679dce54",
    "username": "teojen",
    "first_name": "Teodora",
    "last_name": "Jensen",
    "email": "teodora.jensen@it.uu.se",
    "phone": "0705022382"
}, {
    "user_id": "65",
    "credentials": "3",
    "password": "9e3da848ba28b28314decfc8a237c882",
    "username": "tohei",
    "first_name": "T\u00f3fa",
    "last_name": "Heinrich",
    "email": "tofa.heinrich@it.uu.se",
    "phone": "0709855151"
}, {
    "user_id": "64",
    "credentials": "3",
    "password": "4df75219ca8b924daa4be5a2523c46e5",
    "username": "steber",
    "first_name": "Stefan",
    "last_name": "Bernard",
    "email": "stefan.bernard@it.uu.se",
    "phone": "0704806403"
}, {
    "user_id": "62",
    "credentials": "3",
    "password": "3a647a3b3279c7e78443be09749a38d6",
    "username": "rewes",
    "first_name": "R\u00e9gulo",
    "last_name": "Westerberg",
    "email": "regulo.westerberg@it.uu.se",
    "phone": "0709441106"
}, {
    "user_id": "63",
    "credentials": "3",
    "password": "da9738013fd96a552236e2386fc2977c",
    "username": "karbly",
    "first_name": "Karme",
    "last_name": "Blythe",
    "email": "karme.blythe@it.uu.se",
    "phone": "0706285869"
}, {
    "user_id": "66",
    "credentials": "3",
    "password": "6705dac81f21912bbcc1ae3b8d95c3bd",
    "username": "liatra",
    "first_name": "Liam",
    "last_name": "Traverso",
    "email": "liam.traverso@it.uu.se",
    "phone": "0706523253"
}, {
    "user_id": "67",
    "credentials": "3",
    "password": "394e615db7a9dc7adb20629f47f180ad",
    "username": "olubra",
    "first_name": "Oluwakanyinsola",
    "last_name": "Braun",
    "email": "oluwakanyinsola.braun@it.uu.se",
    "phone": "0704262319"
}, {
    "user_id": "68",
    "credentials": "3",
    "password": "d7b8f69457042b200e175928223c5849",
    "username": "shapet",
    "first_name": "Sharma",
    "last_name": "Pet\u0151fi",
    "email": "sharma.petofi@it.uu.se",
    "phone": "0709830179"
}, {
    "user_id": "69",
    "credentials": "3",
    "password": "53396fdba19b184bbed3d2b777613d3e",
    "username": "oludra",
    "first_name": "Oluwatoyin",
    "last_name": "Drake",
    "email": "oluwatoyin.drake@it.uu.se",
    "phone": "0703238556"
}, {
    "user_id": "70",
    "credentials": "3",
    "password": "bccbb6c05483bb2dea21794064996cc8",
    "username": "marsti",
    "first_name": "Marin",
    "last_name": "Stieber",
    "email": "marin.stieber@it.uu.se",
    "phone": "0704789755"
}, {
    "user_id": "71",
    "credentials": "3",
    "password": "6100621e7f88e68aab1e055900802af4",
    "username": "felfra",
    "first_name": "Felicia",
    "last_name": "Franklin",
    "email": "felicia.franklin@it.uu.se",
    "phone": "0706496700"
}, {
    "user_id": "72",
    "credentials": "3",
    "password": "4d23b838b2b375f48dc12e53a08012f3",
    "username": "olislu",
    "first_name": "Oliver",
    "last_name": "Slusarski",
    "email": "oliver.slusarski@it.uu.se",
    "phone": "0701977400"
}, {
    "user_id": "73",
    "credentials": "3",
    "password": "8545505522afe03641a6aef77f7a517a",
    "username": "jeaats",
    "first_name": "Jeanne",
    "last_name": "Atses",
    "email": "jeanne.atses@it.uu.se",
    "phone": "0704183346"
}, {
    "user_id": "74",
    "credentials": "3",
    "password": "e021a63d81c45c1aa7bcc5b46f04da89",
    "username": "aubbla",
    "first_name": "Aubrey",
    "last_name": "Blackwood",
    "email": "aubrey.blackwood@it.uu.se",
    "phone": "0703497989"
}, {
    "user_id": "75",
    "credentials": "3",
    "password": "46498c0233091c446a9e20000634c46f",
    "username": "yevowe",
    "first_name": "Yevpraksiya",
    "last_name": "Owens",
    "email": "yevpraksiya.owens@it.uu.se",
    "phone": "0705499181"
}, {
    "user_id": "76",
    "credentials": "3",
    "password": "c4f800d9565826475c9f81a16acc3397",
    "username": "benfau",
    "first_name": "Bento",
    "last_name": "Faucher",
    "email": "bento.faucher@it.uu.se",
    "phone": "0705508772"
}, {
    "user_id": "77",
    "credentials": "3",
    "password": "ffc2364a0f7bedd01fd49f0eda069906",
    "username": "schjou",
    "first_name": "Schwanhild",
    "last_name": "Joubert",
    "email": "schwanhild.joubert@it.uu.se",
    "phone": "0705794586"
}, {
    "user_id": "78",
    "credentials": "3",
    "password": "237a09cf1964424441b0a07635029f10",
    "username": "livzha",
    "first_name": "Livianus",
    "last_name": "Zhao",
    "email": "livianus.zhao@it.uu.se",
    "phone": "0701524432"
}, {
    "user_id": "79",
    "credentials": "3",
    "password": "64b5a690561214c1ca40f8b906a47365",
    "username": "eulcou",
    "first_name": "Eul\u00e0lia",
    "last_name": "Coughlan",
    "email": "eulalia.coughlan@it.uu.se",
    "phone": "0702647034"
}, {
    "user_id": "80",
    "credentials": "3",
    "password": "6cbd7446fdb1803d62dd8d56277a736c",
    "username": "edraug",
    "first_name": "Edric",
    "last_name": "Augustin",
    "email": "edric.augustin@it.uu.se",
    "phone": "0707685685"
}, {
    "user_id": "81",
    "credentials": "3",
    "password": "694ba22ce8113e54e857a9712c753b6f",
    "username": "sivan",
    "first_name": "S\u0131d\u0131ka",
    "last_name": "Van",
    "email": "sidika.van@it.uu.se",
    "phone": "0704331612"
}, {
    "user_id": "82",
    "credentials": "3",
    "password": "88ab1f4dac9422a7ee3cb34eca3793b7",
    "username": "nikpro",
    "first_name": "Nika",
    "last_name": "Proulx",
    "email": "nika.proulx@it.uu.se",
    "phone": "0706412621"
}, {
    "user_id": "83",
    "credentials": "3",
    "password": "83ceffee5f8939502d411b895d37d6d9",
    "username": "giamik",
    "first_name": "Giacinta",
    "last_name": "Mikkelsen",
    "email": "giacinta.mikkelsen@it.uu.se",
    "phone": "0703913087"
}]
